{"cameraMode":{"drawMode":0,"name":"Shaded","section":"Shading Mode"},"sceneLighting":false,"audioPlay":false,"sceneViewState":{"m_AlwaysRefresh":false,"showFog":true,"showSkybox":false,"showFlares":true,"showImageEffects":true,"showParticleSystems":true,"showVisualEffectGraphs":true,"m_FxEnabled":true},"in2DMode":false,"pivot":{"x":-0.019096970558166505,"y":0.5916227102279663,"z":62.419124603271487},"rotation":{"x":0.05097651854157448,"y":0.007490196730941534,"z":-0.00038232968654483557,"w":0.9986715316772461},"size":3.1361403465270998,"orthographic":true}