{"cameraMode":{"drawMode":0,"name":"Shaded","section":"Shading Mode"},"sceneLighting":true,"audioPlay":false,"sceneViewState":{"m_AlwaysRefresh":false,"showFog":true,"showSkybox":true,"showFlares":true,"showImageEffects":true,"showParticleSystems":true,"showVisualEffectGraphs":true,"m_FxEnabled":true},"in2DMode":false,"pivot":{"x":0.43500757217407229,"y":0.7606350183486939,"z":1.1129183769226075},"rotation":{"x":0.04498467594385147,"y":0.0023958052042871715,"z":-0.00010805702913785353,"w":0.9989859461784363},"size":1.8056013584136963,"orthographic":true}