{"cameraMode":{"drawMode":0,"name":"Shaded","section":"Shading Mode"},"sceneLighting":true,"audioPlay":false,"sceneViewState":{"m_AlwaysRefresh":false,"showFog":true,"showSkybox":true,"showFlares":true,"showImageEffects":true,"showParticleSystems":true,"showVisualEffectGraphs":true,"m_FxEnabled":true},"in2DMode":false,"pivot":{"x":0.000003814697265625,"y":4.4901275634765629,"z":30.775531768798829},"rotation":{"x":0.48582392930984499,"y":0.5092200636863709,"z":-0.5495824813842773,"w":0.4501454830169678},"size":49.87886428833008,"orthographic":true}